,loss,acc,mse,val_loss,val_acc,val_mse,lr
0,2.300950288772583,0.2566501498222351,29.53876495361328,1.9458223581314087,0.3653899133205414,29.54046058654785,9.999999747378752e-06
1,1.5768686532974243,0.47523391246795654,29.547182083129883,1.4404821395874023,0.5425736904144287,29.55182647705078,9.999999747378752e-06
2,1.2531276941299438,0.5917263031005859,29.553312301635742,1.113114595413208,0.6503168940544128,29.559877395629883,9.999999747378752e-06
3,1.063053011894226,0.6563016176223755,29.55817222595215,0.8737320303916931,0.732708752155304,29.56613540649414,9.999999747378752e-06
4,0.9077426791191101,0.7165657877922058,29.562549591064453,0.6877577900886536,0.8029760122299194,29.57122039794922,9.999999747378752e-06
5,0.8125190138816833,0.7515134811401367,29.565692901611328,0.5553764700889587,0.8542298078536987,29.576345443725586,9.999999747378752e-06
6,0.7164661884307861,0.7829756140708923,29.568946838378906,0.47207579016685486,0.8787544965744019,29.580650329589844,9.999999747378752e-06
7,0.6403910517692566,0.8121445775032043,29.571758270263672,0.3933945298194885,0.9032791256904602,29.585012435913086,9.999999747378752e-06
