,loss,acc,mse,val_loss,val_acc,val_mse,lr
0,1.4546188116073608,0.5277013182640076,29.555940628051758,1.6299123764038086,0.5238357782363892,29.56597328186035,9.999999747378752e-06
1,0.6201179623603821,0.7896715998649597,29.578582763671875,1.0915684700012207,0.6569302678108215,29.576797485351562,9.999999747378752e-06
2,0.4044213891029358,0.8665382266044617,29.58726692199707,0.6968764662742615,0.7776246666908264,29.585866928100586,9.999999747378752e-06
3,0.2881369888782501,0.9062557220458984,29.592138290405273,0.45533472299575806,0.8520253300666809,29.593957901000977,9.999999747378752e-06
4,0.2147161215543747,0.9343239665031433,29.59572410583496,0.3017885982990265,0.9049324989318848,29.599681854248047,9.999999747378752e-06
5,0.1713346242904663,0.9458814859390259,29.598445892333984,0.2160491943359375,0.9313860535621643,29.603492736816406,9.999999747378752e-06
6,0.12590135633945465,0.9623004794120789,29.600675582885742,0.18147245049476624,0.9454395174980164,29.605369567871094,9.999999747378752e-06
7,0.10449673235416412,0.9684461355209351,29.60197639465332,0.15789659321308136,0.9517773389816284,29.606712341308594,9.999999747378752e-06
